{
  "205234641": {
    "add_time": 1756093517.8863754,
    "open_id": "ou_525d845bd87f635fbc3c1939782019d2",
    "expire_time": 1756179917.8863754
  }
}