{
  "20*****41": {
    "add_time": 1756093517.8863754,
    "open_id": "ou_525********9d2",
    "expire_time": 1756179917.8863754
  }

}
